{"cameraMode":{"drawMode":0,"name":"Shaded","section":"Shading Mode"},"sceneLighting":false,"audioPlay":false,"sceneViewState":{"m_AlwaysRefresh":false,"showFog":true,"showSkybox":false,"showFlares":true,"showImageEffects":true,"showParticleSystems":true,"showVisualEffectGraphs":true,"m_FxEnabled":true},"in2DMode":false,"pivot":{"x":4.383196830749512,"y":5.452457427978516,"z":-7.190147399902344},"rotation":{"x":0.9673559069633484,"y":0.011304613202810288,"z":0.043848615139722827,"w":-0.2493743598461151},"size":24.828596115112306,"orthographic":true}